Symbol,Company,Sector,Type,CMP (INR),1D Execution Zone,1D Score,1M Supporting Zone,1M Score,1W Intermediate Trend,Zone Freshness,Volume Status,Sector Bonus (Ep 16),GTF Combo Score,Setup Status,Relation
AXISBANK,Axis Bank Ltd.,BANK,DEMAND,1226.0,1175.0 - 1186.5 DR DEMAND,7.5 A,1208.6 - 1229.5 DR DEMAND,7.0 A,1W DOWN • 20 EMA BEARISH,🟢 0 TESTS (FRESH),NORMAL VOL,+2.0 PTS,9.0 / 10 SOLID,BUY READY,IN
CESC,CESC Ltd.,CPSE,DEMAND,133.85,144.0 - 144.33 RD SUPPLY,7.0 A,133.19 - 139.44 DR DEMAND,7.0 A,1W DOWN • 20 EMA BEARISH,🟢 0 TESTS (FRESH),NORMAL VOL,+2.0 PTS,9.0 / 10 SOLID,BUY READY,IN
GLENMARK,Glenmark Pharmaceuticals Ltd.,PHARMA,DEMAND,2334.7,2292.0 - 2325.7 DR DEMAND,8.5 A,1331.41 - 1376.45 DR DEMAND,6.5 B,1W UP • 20 EMA BULLISH,🟢 0 TESTS (FRESH),🔥 2.5x VOL EXPLOSION,+1.0 PT,10.5 / 10 HIGH COMBO,APPROACHING DEMAND,NEAR
ANANTRAJ,Anant Raj Ltd.,REALTY,DEMAND,598.9,594.0 - 595.2 DR DEMAND,7.0 A,855.56 - 945.21 RD SUPPLY,7.5 A,1W UP • 20 EMA BULLISH,🟢 0 TESTS (FRESH),NORMAL VOL,+2.0 PTS,10.0 / 10 HIGH COMBO,APPROACHING DEMAND,NEAR
CHAMBLFERT,Chambal Fertilizers & Chemicals Ltd.,FMCG,DEMAND,409.25,401.4 - 407.5 DR DEMAND,6.5 B,404.75 - 434.2 DR DEMAND,3.0 C,1W DOWN • 20 EMA BEARISH,🟢 0 TESTS (FRESH),NORMAL VOL,+2.0 PTS,10.0 / 10 HIGH COMBO,APPROACHING DEMAND,NEAR
CRAFTSMAN,Craftsman Automation Ltd.,AUTO,DEMAND,10417.0,10205.0 - 10251.0 DR DEMAND,7.0 A,— NO ACTIVE ZONE —,—,1W UP • 20 EMA BULLISH,🟢 0 TESTS (FRESH),NORMAL VOL,+2.0 PTS,10.0 / 10 HIGH COMBO,APPROACHING DEMAND,NEAR
HBLENGINE,HBL Engineering Ltd.,INFRA,DEMAND,794.5,773.65 - 784.0 DR DEMAND,7.0 A,647.1 - 656.44 DR DEMAND,7.5 A,1W UP • 20 EMA BULLISH,🟢 0 TESTS (FRESH),NORMAL VOL,+2.0 PTS,10.0 / 10 HIGH COMBO,APPROACHING DEMAND,NEAR
JSL,Jindal Stainless Ltd.,METAL,DEMAND,747.4,736.0 - 738.0 DR DEMAND,7.0 A,— NO ACTIVE ZONE —,—,1W UP • 20 EMA BULLISH,🟢 0 TESTS (FRESH),NORMAL VOL,+2.0 PTS,10.0 / 10 HIGH COMBO,APPROACHING DEMAND,NEAR
CHOLAHLDNG,Cholamandalam Financial Holdings Ltd.,FINSERVICE,DEMAND,1386.2,1341.0 - 1361.0 DR DEMAND,6.0 B,1358.29 - 1396.78 DR DEMAND,6.0 B,1W DOWN • 20 EMA BEARISH,🟢 0 TESTS (FRESH),NORMAL VOL,+2.0 PTS,9.5 / 10 HIGH COMBO,APPROACHING DEMAND,NEAR
GRANULES,Granules India Ltd.,HEALTHCARE,DEMAND,846.55,829.0 - 835.6 DR DEMAND,7.5 A,419.84 - 453.47 DR DEMAND,5.0 C,1W UP • 20 EMA BULLISH,🟢 0 TESTS (FRESH),NORMAL VOL,+1.0 PT,9.5 / 10 HIGH COMBO,APPROACHING DEMAND,NEAR
HINDALCO,Hindalco Industries Ltd.,METAL,DEMAND,941.8,935.1 - 936.4 DR DEMAND,7.5 A,766.15 - 804.2 DR DEMAND,7.5 A,1W DOWN • 20 EMA BEARISH,🟢 0 TESTS (FRESH),NORMAL VOL,+2.0 PTS,9.5 / 10 HIGH COMBO,APPROACHING DEMAND,NEAR
SBICARD,SBI Cards and Payment Services Ltd.,FINSERVICE,DEMAND,578.05,565.45 - 568.25 DR DEMAND,6.0 B,565.45 - 593.2 DR DEMAND,5.0 C,1W DOWN • 20 EMA BEARISH,🟢 0 TESTS (FRESH),NORMAL VOL,+2.0 PTS,9.5 / 10 HIGH COMBO,APPROACHING DEMAND,NEAR
AWL,AWL Agri Business Ltd.,FMCG,DEMAND,177.68,174.69 - 176.18 DR DEMAND,7.0 A,— NO ACTIVE ZONE —,—,1W DOWN • 20 EMA BEARISH,🟢 0 TESTS (FRESH),NORMAL VOL,+2.0 PTS,9.0 / 10 SOLID,APPROACHING DEMAND,NEAR
INFY,Infosys Ltd.,IT,DEMAND,994.1,982.4 - 985.3 DR DEMAND,6.5 B,982.4 - 1000.4 DR DEMAND,6.0 B,1W DOWN • 20 EMA BEARISH,🟢 0 TESTS (FRESH),NORMAL VOL,+1.0 PT,9.0 / 10 SOLID,APPROACHING DEMAND,NEAR
KFINTECH,Kfin Technologies Ltd.,FINSERVICE,DEMAND,840.0,826.8 - 836.62 DR DEMAND,7.0 A,1329.97 - 1360.84 RD SUPPLY,6.5 B,1W DOWN • 20 EMA BEARISH,🟢 0 TESTS (FRESH),NORMAL VOL,+2.0 PTS,9.0 / 10 SOLID,APPROACHING DEMAND,NEAR
WELCORP,Welspun Corp Ltd.,INFRA,DEMAND,2717.0,2675.0 - 2692.2 DR DEMAND,6.0 B,658.55 - 760.86 DR DEMAND,4.5 C,1W UP • 20 EMA BULLISH,🟡 1 TEST (TESTED),NORMAL VOL,+2.0 PTS,9.0 / 10 SOLID,APPROACHING DEMAND,NEAR
COROMANDEL,Coromandel International Ltd.,FMCG,DEMAND,1758.2,1704.84 - 1749.4 DR DEMAND,5.0 C,1704.84 - 1751.89 DR DEMAND,4.5 C,1W DOWN • 20 EMA BEARISH,🟡 1 TEST (TESTED),🔥 2.5x VOL EXPLOSION,+2.0 PTS,8.5 / 10 SOLID,APPROACHING DEMAND,NEAR
NATCOPHARM,NATCO Pharma Ltd.,PHARMA,DEMAND,827.5,845.0 - 851.0 RD SUPPLY,7.0 A,803.32 - 821.11 DR DEMAND,7.5 A,1W DOWN • 20 EMA BEARISH,🟢 0 TESTS (FRESH),NORMAL VOL,+1.0 PT,8.5 / 10 SOLID,APPROACHING DEMAND,NEAR
POLYMED,Poly Medicure Ltd.,HEALTHCARE,DEMAND,1673.8,1635.65 - 1644.33 DR DEMAND,6.5 B,1297.34 - 1337.36 DR DEMAND,6.5 B,1W UP • 20 EMA BULLISH,🟢 0 TESTS (FRESH),NORMAL VOL,+1.0 PT,8.5 / 10 SOLID,APPROACHING DEMAND,NEAR
TIINDIA,Tube Investments of India Ltd.,AUTO,DEMAND,2375.0,2161.89 - 2177.97 DR DEMAND,7.5 A,2161.89 - 2330.75 DR DEMAND,6.5 B,1W DOWN • 20 EMA BEARISH,🟢 0 TESTS (FRESH),🔥 2.5x VOL EXPLOSION,+2.0 PTS,8.5 / 10 SOLID,APPROACHING DEMAND,NEAR
AMBER,Amber Enterprises India Ltd.,CONSUMPTION,DEMAND,6672.5,6151.0 - 6170.5 DR DEMAND,7.5 A,6120.0 - 6549.0 DR DEMAND,7.0 A,1W DOWN • 20 EMA BEARISH,🟢 0 TESTS (FRESH),🔥 1.8x HIGH VOL,+1.0 PT,8.0 / 10 SOLID,APPROACHING DEMAND,NEAR
CHOICEIN,Choice International Ltd.,FINSERVICE,DEMAND,726.25,721.6 - 725.5 DR DEMAND,6.0 B,840.3 - 860.5 RD SUPPLY,4.5 C,1W DOWN • 20 EMA BEARISH,🟢 0 TESTS (FRESH),NORMAL VOL,+2.0 PTS,8.0 / 10 SOLID,APPROACHING DEMAND,NEAR
KIMS,Krishna Institute of Medical Sciences Ltd.,HEALTHCARE,DEMAND,746.4,725.4 - 735.3 DR DEMAND,7.0 A,474.05 - 496.35 DR DEMAND,8.0 A,1W DOWN • 20 EMA BEARISH,🟢 0 TESTS (FRESH),🔥 2.5x VOL EXPLOSION,+1.0 PT,8.0 / 10 SOLID,APPROACHING DEMAND,NEAR
OLAELEC,Ola Electric Mobility Ltd.,AUTO,DEMAND,36.92,36.05 - 36.2 DR DEMAND,6.0 B,— NO ACTIVE ZONE —,—,1W DOWN • 20 EMA BEARISH,🟢 0 TESTS (FRESH),NORMAL VOL,+2.0 PTS,8.0 / 10 SOLID,APPROACHING DEMAND,NEAR
ULTRACEMCO,UltraTech Cement Ltd.,INFRA,DEMAND,10956.0,10800.0 - 10829.0 DR DEMAND,6.0 B,9784.84 - 9863.33 DR DEMAND,6.5 B,1W DOWN • 20 EMA BEARISH,🟢 0 TESTS (FRESH),NORMAL VOL,+2.0 PTS,8.0 / 10 SOLID,APPROACHING DEMAND,NEAR
ZFCVINDIA,ZF Commercial Vehicle Control Systems India Ltd.,AUTO,DEMAND,2341.0,2285.0 - 2297.8 DR DEMAND,6.0 B,2046.79 - 2067.08 DR DEMAND,5.5 B,1W DOWN • 20 EMA BEARISH,🟢 0 TESTS (FRESH),NORMAL VOL,+2.0 PTS,8.0 / 10 SOLID,APPROACHING DEMAND,NEAR
BHARTIARTL,Bharti Airtel Ltd.,CONSUMPTION,DEMAND,1757.0,1748.99 - 1753.04 DR DEMAND,6.5 B,1527.35 - 1537.83 DR DEMAND,6.5 B,1W DOWN • 20 EMA BEARISH,🟢 0 TESTS (FRESH),NORMAL VOL,+1.0 PT,7.5 / 10 SOLID,APPROACHING DEMAND,NEAR
BHEL,Bharat Heavy Electricals Ltd.,CPSE,DEMAND,415.5,406.0 - 410.6 DR DEMAND,4.5 C,204.46 - 207.34 DR DEMAND,7.5 A,1W UP • 20 EMA BULLISH,🟡 1 TEST (TESTED),NORMAL VOL,+2.0 PTS,7.5 / 10 SOLID,APPROACHING DEMAND,NEAR
PETRONET,Petronet LNG Ltd.,OIL,DEMAND,284.5,280.3 - 281.75 DR DEMAND,4.5 C,232.67 - 245.62 DR DEMAND,6.0 B,1W UP • 20 EMA BULLISH,🟡 1 TEST (TESTED),NORMAL VOL,+2.0 PTS,7.5 / 10 SOLID,APPROACHING DEMAND,NEAR
RBLBANK,RBL Bank Ltd.,PVTBANK,DEMAND,403.35,401.1 - 402.4 DR DEMAND,4.5 C,286.46 - 290.25 DR DEMAND,5.5 B,1W UP • 20 EMA BULLISH,🟡 1 TEST (TESTED),NORMAL VOL,+2.0 PTS,7.5 / 10 SOLID,APPROACHING DEMAND,NEAR
CGCL,Capri Global Capital Ltd.,FINSERVICE,DEMAND,247.45,243.67 - 244.62 DR DEMAND,4.0 C,— NO ACTIVE ZONE —,—,1W UP • 20 EMA BULLISH,🟡 1 TEST (TESTED),NORMAL VOL,+2.0 PTS,7.0 / 10 SOLID,APPROACHING DEMAND,NEAR
DELHIVERY,Delhivery Ltd.,CONSUMPTION,DEMAND,409.7,405.05 - 407.5 DR DEMAND,6.0 B,— NO ACTIVE ZONE —,—,1W DOWN • 20 EMA BEARISH,🟢 0 TESTS (FRESH),🔥 1.8x HIGH VOL,+1.0 PT,7.0 / 10 SOLID,APPROACHING DEMAND,NEAR
MAXHEALTH,Max Healthcare Institute Ltd.,HEALTHCARE,DEMAND,929.8,918.17 - 923.96 DR DEMAND,6.0 B,— NO ACTIVE ZONE —,—,1W DOWN • 20 EMA BEARISH,🟢 0 TESTS (FRESH),🔥 2.5x VOL EXPLOSION,+1.0 PT,7.0 / 10 SOLID,APPROACHING DEMAND,NEAR
TATACOMM,Tata Communications Ltd.,CONSUMPTION,DEMAND,1656.2,1640.2 - 1649.3 DR DEMAND,6.0 B,1310.58 - 1335.75 DR DEMAND,6.0 B,1W DOWN • 20 EMA BEARISH,🟢 0 TESTS (FRESH),NORMAL VOL,+1.0 PT,7.0 / 10 SOLID,APPROACHING DEMAND,NEAR
TCS,Tata Consultancy Services Ltd.,IT,DEMAND,2050.6,1966.02 - 1971.79 DR DEMAND,6.5 B,1966.02 - 2020.42 DR DEMAND,6.0 B,1W DOWN • 20 EMA BEARISH,🟢 0 TESTS (FRESH),NORMAL VOL,+1.0 PT,7.0 / 10 SOLID,APPROACHING DEMAND,NEAR
AIAENG,AIA Engineering Ltd.,INFRA,DEMAND,3869.0,3778.0 - 3805.8 DR DEMAND,4.5 C,5062.37 - 5160.6 RD SUPPLY,6.0 B,1W DOWN • 20 EMA BEARISH,🟡 1 TEST (TESTED),NORMAL VOL,+2.0 PTS,6.5 / 10 SOLID,APPROACHING DEMAND,NEAR
ESCORTS,Escorts Kubota Ltd.,INFRA,DEMAND,2715.2,2855.7 - 2866.3 RD SUPPLY,9.0 A+,2679.78 - 2709.64 DR DEMAND,4.5 C,1W DOWN • 20 EMA BEARISH,🟡 1 TEST (TESTED),NORMAL VOL,+2.0 PTS,6.5 / 10 SOLID,APPROACHING DEMAND,NEAR
IDEA,Vodafone Idea Ltd.,CONSUMPTION,DEMAND,12.95,12.79 - 12.89 DR DEMAND,5.5 B,8.13 - 8.53 DR DEMAND,7.0 A,1W DOWN • 20 EMA BEARISH,🟡 1 TEST (TESTED),NORMAL VOL,+1.0 PT,6.5 / 10 SOLID,APPROACHING DEMAND,NEAR
IFCI,IFCI Ltd.,FINSERVICE,DEMAND,68.77,68.15 - 68.52 DR DEMAND,4.5 C,46.4 - 47.88 DR DEMAND,7.0 A,1W DOWN • 20 EMA BEARISH,🟡 1 TEST (TESTED),NORMAL VOL,+2.0 PTS,6.5 / 10 SOLID,APPROACHING DEMAND,NEAR
SCHAEFFLER,Schaeffler India Ltd.,AUTO,DEMAND,3897.1,3811.1 - 3860.2 DR DEMAND,4.5 C,3489.69 - 3548.8 DR DEMAND,8.5 A,1W DOWN • 20 EMA BEARISH,🟡 1 TEST (TESTED),NORMAL VOL,+2.0 PTS,6.5 / 10 SOLID,APPROACHING DEMAND,NEAR
ASHOKLEY,Ashok Leyland Ltd.,INFRA,DEMAND,154.19,150.3 - 151.46 DR DEMAND,4.0 C,207.56 - 211.81 RD SUPPLY,8.0 A,1W DOWN • 20 EMA BEARISH,🟡 1 TEST (TESTED),NORMAL VOL,+2.0 PTS,6.0 / 10 SOLID,APPROACHING DEMAND,NEAR
NAVINFLUOR,Navin Fluorine International Ltd.,FMCG,DEMAND,8245.0,8110.0 - 8151.0 DR DEMAND,3.0 C,4173.89 - 4245.43 DR DEMAND,7.5 A,1W UP • 20 EMA BULLISH,🔴 2 TESTS (WEAK),NORMAL VOL,+2.0 PTS,6.0 / 10 SOLID,APPROACHING DEMAND,NEAR
SCHNEIDER,Schneider Electric Infrastructure Ltd.,INFRA,DEMAND,1203.4,1186.4 - 1193.6 DR DEMAND,4.0 C,540.0 - 575.5 DR DEMAND,4.0 C,1W DOWN • 20 EMA BEARISH,🟡 1 TEST (TESTED),NORMAL VOL,+2.0 PTS,6.0 / 10 SOLID,APPROACHING DEMAND,NEAR
DIXON,Dixon Technologies (India) Ltd.,CONSUMPTION,DEMAND,13100.0,12838.12 - 12924.05 DR DEMAND,4.5 C,14838.58 - 14988.47 RD SUPPLY,6.5 B,1W DOWN • 20 EMA BEARISH,🟡 1 TEST (TESTED),NORMAL VOL,+1.0 PT,5.5 / 10 SOLID,APPROACHING DEMAND,NEAR
ENDURANCE,Endurance Technologies Ltd.,AUTO,DEMAND,2656.5,2538.15 - 2615.93 DR DEMAND,3.5 C,1661.59 - 1735.99 DR DEMAND,4.0 C,1W DOWN • 20 EMA BEARISH,🔴 2 TESTS (WEAK),NORMAL VOL,+2.0 PTS,5.5 / 10 SOLID,APPROACHING DEMAND,NEAR
IGIL,International Gemological Institute Ltd.,CONSUMPTION,DEMAND,315.9,309.47 - 310.95 DR DEMAND,4.5 C,— NO ACTIVE ZONE —,—,1W DOWN • 20 EMA BEARISH,🟡 1 TEST (TESTED),NORMAL VOL,+1.0 PT,5.5 / 10 SOLID,APPROACHING DEMAND,NEAR
ECLERX,eClerx Services Ltd.,CONSUMPTION,DEMAND,1819.9,1734.04 - 1810.7 DR DEMAND,3.0 C,1083.13 - 1256.54 DR DEMAND,9.0 A+,1W UP • 20 EMA BULLISH,🔴 4 TESTS (WEAK),NORMAL VOL,+1.0 PT,5.0 / 10 SOLID,APPROACHING DEMAND,NEAR
MAZDOCK,Mazagoan Dock Shipbuilders Ltd.,INFRA,DEMAND,2113.0,2053.69 - 2061.48 DR DEMAND,9.0 A+,1900.61 - 2111.67 DR DEMAND,3.0 C,1W DOWN • 20 EMA BEARISH,🔴 2 TESTS (WEAK),NORMAL VOL,+2.0 PTS,5.0 / 10 SOLID,APPROACHING DEMAND,NEAR
ONESOURCE,Onesource Specialty Pharma Ltd.,PHARMA,DEMAND,1521.6,1479.1 - 1501.3 DR DEMAND,4.0 C,— NO ACTIVE ZONE —,—,1W DOWN • 20 EMA BEARISH,🟡 1 TEST (TESTED),NORMAL VOL,+1.0 PT,5.0 / 10 SOLID,APPROACHING DEMAND,NEAR
TATASTEEL,Tata Steel Ltd.,METAL,DEMAND,184.3,182.01 - 182.63 DR DEMAND,3.0 C,156.83 - 164.57 DR DEMAND,7.0 A,1W DOWN • 20 EMA BEARISH,🔴 4 TESTS (WEAK),NORMAL VOL,+2.0 PTS,5.0 / 10 SOLID,APPROACHING DEMAND,NEAR
TORNTPOWER,Torrent Power Ltd.,CPSE,DEMAND,1245.9,1211.5 - 1220.2 DR DEMAND,6.0 B,1186.52 - 1241.27 DR DEMAND,3.0 C,1W DOWN • 20 EMA BEARISH,🔴 3 TESTS (WEAK),NORMAL VOL,+2.0 PTS,5.0 / 10 SOLID,APPROACHING DEMAND,NEAR
VMM,Vishal Mega Mart Ltd.,CONSUMPTION,DEMAND,101.0,98.77 - 99.68 DR DEMAND,4.0 C,— NO ACTIVE ZONE —,—,1W DOWN • 20 EMA BEARISH,🟡 1 TEST (TESTED),NORMAL VOL,+1.0 PT,5.0 / 10 SOLID,APPROACHING DEMAND,NEAR
FACT,Fertilisers and Chemicals Travancore Ltd.,FMCG,DEMAND,757.95,738.0 - 749.15 DR DEMAND,2.5 C,— NO ACTIVE ZONE —,—,1W DOWN • 20 EMA BEARISH,🔴 2 TESTS (WEAK),NORMAL VOL,+2.0 PTS,4.5 / 10 SOLID,APPROACHING DEMAND,NEAR
HDFCLIFE,HDFC Life Insurance Company Ltd.,FINSERVICE,DEMAND,521.2,508.7 - 514.0 DR DEMAND,2.5 C,811.41 - 817.84 RD SUPPLY,4.0 C,1W DOWN • 20 EMA BEARISH,🔴 2 TESTS (WEAK),NORMAL VOL,+2.0 PTS,4.5 / 10 SOLID,APPROACHING DEMAND,NEAR
UTIAMC,UTI Asset Management Company Ltd.,FINSERVICE,DEMAND,882.4,1039.08 - 1043.74 RD SUPPLY,4.0 C,841.38 - 874.76 DR DEMAND,2.5 C,1W DOWN • 20 EMA BEARISH,🔴 3 TESTS (WEAK),NORMAL VOL,+2.0 PTS,4.5 / 10 SOLID,APPROACHING DEMAND,NEAR
BEL,Bharat Electronics Ltd.,CPSE,DEMAND,388.3,397.4 - 399.2 RD SUPPLY,3.5 C,378.32 - 397.37 DR DEMAND,6.0 B,1W DOWN • 20 EMA BEARISH,🟡 1 TEST (TESTED),NORMAL VOL,+2.0 PTS,8.0 / 10 SOLID,WAIT FOR PULLBACK,IN
FORTIS,Fortis Healthcare Ltd.,HEALTHCARE,DEMAND,770.0,915.0 - 918.4 RD SUPPLY,7.5 A,765.99 - 794.16 DR DEMAND,7.0 A,1W DOWN • 20 EMA BEARISH,🟢 0 TESTS (FRESH),🔥 2.5x VOL EXPLOSION,+1.0 PT,8.0 / 10 SOLID,WAIT FOR PULLBACK,IN
IGL,Indraprastha Gas Ltd.,OIL,DEMAND,145.61,139.2 - 141.99 DR DEMAND,6.0 B,141.74 - 145.62 DR DEMAND,6.0 B,1W DOWN • 20 EMA BEARISH,🟢 0 TESTS (FRESH),🔥 1.8x HIGH VOL,+2.0 PTS,8.0 / 10 SOLID,WAIT FOR PULLBACK,IN
NCC,NCC Ltd.,INFRA,DEMAND,128.88,128.02 - 128.95 DR DEMAND,6.0 B,— NO ACTIVE ZONE —,—,1W DOWN • 20 EMA BEARISH,🟢 0 TESTS (FRESH),NORMAL VOL,+2.0 PTS,8.0 / 10 SOLID,WAIT FOR PULLBACK,IN
RAMCOCEM,The Ramco Cements Ltd.,INFRA,DEMAND,845.55,951.15 - 986.61 RD SUPPLY,6.0 B,836.02 - 868.83 DR DEMAND,5.5 B,1W DOWN • 20 EMA BEARISH,🟢 0 TESTS (FRESH),NORMAL VOL,+2.0 PTS,7.5 / 10 SOLID,WAIT FOR PULLBACK,IN
SBIN,State Bank of India,PSUBANK,DEMAND,959.5,1108.0 - 1124.5 RD SUPPLY,8.0 A,933.9 - 964.4 DR DEMAND,5.5 B,1W DOWN • 20 EMA BEARISH,🟡 1 TEST (TESTED),NORMAL VOL,+2.0 PTS,7.5 / 10 SOLID,WAIT FOR PULLBACK,IN
TORNTPHARM,Torrent Pharmaceuticals Ltd.,PHARMA,DEMAND,4800.0,4755.5 - 4810.0 DR DEMAND,5.5 B,3068.54 - 3119.39 DR DEMAND,7.0 A,1W UP • 20 EMA BULLISH,🟡 1 TEST (TESTED),NORMAL VOL,+1.0 PT,7.5 / 10 SOLID,WAIT FOR PULLBACK,IN
CGPOWER,CG Power and Industrial Solutions Ltd.,INFRA,DEMAND,854.2,794.1 - 800.0 DR DEMAND,7.0 A,814.85 - 863.4 DR DEMAND,5.0 C,1W DOWN • 20 EMA BEARISH,🟡 1 TEST (TESTED),NORMAL VOL,+2.0 PTS,7.0 / 10 SOLID,WAIT FOR PULLBACK,IN
JINDALSAW,Jindal Saw Ltd.,INFRA,DEMAND,277.7,275.7 - 281.25 DR DEMAND,4.0 C,310.0 - 320.0 RD SUPPLY,6.0 B,1W UP • 20 EMA BULLISH,🟡 1 TEST (TESTED),NORMAL VOL,+2.0 PTS,7.0 / 10 SOLID,WAIT FOR PULLBACK,IN
FEDERALBNK,Federal Bank Ltd.,BANK,DEMAND,317.4,317.12 - 318.41 DR DEMAND,4.5 C,171.04 - 175.95 DR DEMAND,6.0 B,1W DOWN • 20 EMA BEARISH,🟡 1 TEST (TESTED),NORMAL VOL,+2.0 PTS,6.5 / 10 SOLID,WAIT FOR PULLBACK,IN
SAMMAANCAP,Sammaan Capital Ltd.,FINSERVICE,DEMAND,136.54,144.48 - 145.94 RD SUPPLY,7.0 A,134.75 - 144.61 DR DEMAND,4.5 C,1W DOWN • 20 EMA BEARISH,🟡 1 TEST (TESTED),NORMAL VOL,+2.0 PTS,6.5 / 10 SOLID,WAIT FOR PULLBACK,IN
GPIL,Godawari Power & Ispat Ltd.,INFRA,DEMAND,222.34,239.0 - 239.6 RD SUPPLY,7.5 A,220.3 - 234.23 DR DEMAND,4.0 C,1W DOWN • 20 EMA BEARISH,🟡 1 TEST (TESTED),NORMAL VOL,+2.0 PTS,6.0 / 10 SOLID,WAIT FOR PULLBACK,IN
INDIANB,Indian Bank,PSUBANK,DEMAND,805.9,769.25 - 772.4 DR DEMAND,6.5 B,748.11 - 819.79 DR DEMAND,4.0 C,1W DOWN • 20 EMA BEARISH,🔴 2 TESTS (WEAK),NORMAL VOL,+2.0 PTS,6.0 / 10 SOLID,WAIT FOR PULLBACK,IN
BSE,BSE Ltd.,FINSERVICE,DEMAND,3092.0,3085.1 - 3161.0 DR DEMAND,3.5 C,2563.45 - 2625.28 DR DEMAND,6.5 B,1W DOWN • 20 EMA BEARISH,🔴 2 TESTS (WEAK),NORMAL VOL,+2.0 PTS,5.5 / 10 SOLID,WAIT FOR PULLBACK,IN
ZENSARTECH,Zensar Technolgies Ltd.,IT,DEMAND,422.1,416.15 - 422.4 DR DEMAND,4.5 C,510.15 - 553.1 RD SUPPLY,7.0 A,1W DOWN • 20 EMA BEARISH,🟡 1 TEST (TESTED),NORMAL VOL,+1.0 PT,5.5 / 10 SOLID,WAIT FOR PULLBACK,IN
ZENTEC,Zen Technologies Ltd.,INFRA,DEMAND,1605.2,1581.47 - 1609.16 DR DEMAND,2.5 C,943.53 - 1043.28 DR DEMAND,6.0 B,1W DOWN • 20 EMA BEARISH,🔴 3 TESTS (WEAK),NORMAL VOL,+2.0 PTS,4.5 / 10 SOLID,WAIT FOR PULLBACK,IN
AFFLE,Affle 3i Ltd.,IT,DEMAND,1511.0,1489.2 - 1519.2 DR DEMAND,3.0 C,1251.3 - 1335.3 DR DEMAND,5.5 B,1W DOWN • 20 EMA BEARISH,🔴 2 TESTS (WEAK),NORMAL VOL,+1.0 PT,4.0 / 10 SOLID,WAIT FOR PULLBACK,IN
ADANIGREEN,Adani Green Energy Ltd.,CPSE,SUPPLY,1278.0,1296.6 - 1299.6 RD SUPPLY,8.5 A,765.0 - 814.2 DR DEMAND,4.0 C,1W DOWN • 20 EMA BEARISH,🟢 0 TESTS (FRESH),NORMAL VOL,+0.0 PTS,9.5 / 10 HIGH COMBO,NEAR SUPPLY,NEAR
AUBANK,AU Small Finance Bank Ltd.,BANK,SUPPLY,1010.3,1018.0 - 1021.2 RD SUPPLY,7.5 A,830.84 - 841.88 DR DEMAND,8.0 A,1W DOWN • 20 EMA BEARISH,🟢 0 TESTS (FRESH),NORMAL VOL,+0.0 PTS,8.5 / 10 SUPPLY,NEAR SUPPLY,NEAR
JSWSTEEL,JSW Steel Ltd.,METAL,SUPPLY,1253.4,1272.4 - 1275.9 RD SUPPLY,7.5 A,1096.2 - 1116.09 DR DEMAND,7.0 A,1W DOWN • 20 EMA BEARISH,🟢 0 TESTS (FRESH),NORMAL VOL,+0.0 PTS,8.5 / 10 SUPPLY,NEAR SUPPLY,NEAR
ALKEM,Alkem Laboratories Ltd.,HEALTHCARE,SUPPLY,5163.5,5250.0 - 5306.5 RD SUPPLY,7.0 A,— NO ACTIVE ZONE —,—,1W DOWN • 20 EMA BEARISH,🟢 0 TESTS (FRESH),NORMAL VOL,+0.0 PTS,8.0 / 10 SUPPLY,NEAR SUPPLY,NEAR
APOLLOTYRE,Apollo Tyres Ltd.,AUTO,SUPPLY,404.7,412.9 - 429.0 RD SUPPLY,7.0 A,— NO ACTIVE ZONE —,—,1W DOWN • 20 EMA BEARISH,🟢 0 TESTS (FRESH),NORMAL VOL,+0.0 PTS,8.0 / 10 SUPPLY,NEAR SUPPLY,NEAR
DOMS,DOMS Industries Ltd.,FMCG,SUPPLY,2107.0,2141.5 - 2147.0 RD SUPPLY,7.0 A,— NO ACTIVE ZONE —,—,1W DOWN • 20 EMA BEARISH,🟢 0 TESTS (FRESH),NORMAL VOL,+0.0 PTS,8.0 / 10 SUPPLY,NEAR SUPPLY,NEAR
FORCEMOT,Force Motors Ltd.,AUTO,SUPPLY,17054.0,17388.0 - 17430.0 RD SUPPLY,7.0 A,24271.95 - 26374.97 RD SUPPLY,6.0 B,1W DOWN • 20 EMA BEARISH,🟢 0 TESTS (FRESH),NORMAL VOL,+0.0 PTS,8.0 / 10 SUPPLY,NEAR SUPPLY,NEAR
MRF,MRF Ltd.,AUTO,SUPPLY,125280.0,125780.0 - 126500.0 RD SUPPLY,7.0 A,101787.0 - 105025.93 DR DEMAND,6.0 B,1W DOWN • 20 EMA BEARISH,🟡 1 TEST (TESTED),NORMAL VOL,+0.0 PTS,8.0 / 10 SUPPLY,NEAR SUPPLY,NEAR
THERMAX,Thermax Ltd.,INFRA,SUPPLY,3392.2,3451.9 - 3464.2 RD SUPPLY,7.0 A,— NO ACTIVE ZONE —,—,1W DOWN • 20 EMA BEARISH,🟢 0 TESTS (FRESH),🔥 2.5x VOL EXPLOSION,+0.0 PTS,8.0 / 10 SUPPLY,NEAR SUPPLY,NEAR
ASIANPAINT,Asian Paints Ltd.,CONSUMPTION,SUPPLY,2402.6,2444.0 - 2451.0 RD SUPPLY,6.5 B,2083.96 - 2137.91 DR DEMAND,4.5 C,1W DOWN • 20 EMA BEARISH,🟢 0 TESTS (FRESH),NORMAL VOL,+0.0 PTS,7.5 / 10 SUPPLY,NEAR SUPPLY,NEAR
GODIGIT,Go Digit General Insurance Ltd.,FINSERVICE,SUPPLY,260.05,263.25 - 267.0 RD SUPPLY,6.5 B,322.75 - 333.9 RD SUPPLY,8.5 A,1W DOWN • 20 EMA BEARISH,🟢 0 TESTS (FRESH),NORMAL VOL,+0.0 PTS,7.5 / 10 SUPPLY,NEAR SUPPLY,NEAR
KARURVYSYA,Karur Vysya Bank Ltd.,PVTBANK,SUPPLY,324.8,327.95 - 328.65 RD SUPPLY,7.5 A,— NO ACTIVE ZONE —,—,1W UP • 20 EMA BULLISH,🟢 0 TESTS (FRESH),🔥 1.8x HIGH VOL,+0.0 PTS,7.5 / 10 SUPPLY,NEAR SUPPLY,NEAR
MOTHERSON,Samvardhana Motherson International Ltd.,AUTO,SUPPLY,163.26,165.71 - 166.22 RD SUPPLY,7.0 A,76.38 - 78.2 DR DEMAND,6.0 B,1W UP • 20 EMA BULLISH,🟢 0 TESTS (FRESH),NORMAL VOL,+0.0 PTS,7.0 / 10 SUPPLY,NEAR SUPPLY,NEAR
PNBHOUSING,PNB Housing Finance Ltd.,FINSERVICE,SUPPLY,1120.0,1138.5 - 1149.0 RD SUPPLY,7.0 A,737.16 - 753.6 DR DEMAND,6.0 B,1W UP • 20 EMA BULLISH,🟢 0 TESTS (FRESH),NORMAL VOL,+0.0 PTS,7.0 / 10 SUPPLY,NEAR SUPPLY,NEAR
APLAPOLLO,APL Apollo Tubes Ltd.,INFRA,SUPPLY,2190.1,1935.05 - 1937.54 DR DEMAND,7.5 A,2226.02 - 2292.57 RD SUPPLY,6.0 B,1W UP • 20 EMA BULLISH,🟡 1 TEST (TESTED),NORMAL VOL,+0.0 PTS,6.0 / 10 SUPPLY,NEAR SUPPLY,NEAR
BERGEPAINT,Berger Paints India Ltd.,CONSUMPTION,SUPPLY,455.45,458.35 - 459.0 RD SUPPLY,5.0 C,560.77 - 590.09 RD SUPPLY,5.0 C,1W DOWN • 20 EMA BEARISH,🟡 1 TEST (TESTED),NORMAL VOL,+0.0 PTS,6.0 / 10 SUPPLY,NEAR SUPPLY,NEAR
EMCURE,Emcure Pharmaceuticals Ltd.,PHARMA,SUPPLY,1943.0,1834.83 - 1851.1 DR DEMAND,8.5 A,1962.18 - 2044.02 RD SUPPLY,6.0 B,1W UP • 20 EMA BULLISH,🟢 0 TESTS (FRESH),NORMAL VOL,+0.0 PTS,6.0 / 10 SUPPLY,NEAR SUPPLY,NEAR
ITCHOTELS,ITC Hotels Ltd.,CONSUMPTION,SUPPLY,164.13,164.8 - 165.4 RD SUPPLY,5.0 C,180.5 - 188.0 RD SUPPLY,6.0 B,1W DOWN • 20 EMA BEARISH,🟡 1 TEST (TESTED),NORMAL VOL,+0.0 PTS,6.0 / 10 SUPPLY,NEAR SUPPLY,NEAR
VBL,Varun Beverages Ltd.,FMCG,SUPPLY,432.0,439.3 - 443.3 RD SUPPLY,5.0 C,396.2 - 400.45 DR DEMAND,5.5 B,1W DOWN • 20 EMA BEARISH,🟡 1 TEST (TESTED),NORMAL VOL,+0.0 PTS,6.0 / 10 SUPPLY,NEAR SUPPLY,NEAR
LLOYDSME,Lloyds Metals And Energy Ltd.,METAL,SUPPLY,1884.0,1890.9 - 1911.0 RD SUPPLY,5.5 B,1042.28 - 1072.36 DR DEMAND,7.0 A,1W UP • 20 EMA BULLISH,🟡 1 TEST (TESTED),NORMAL VOL,+0.0 PTS,5.5 / 10 SUPPLY,NEAR SUPPLY,NEAR
LGEINDIA,LG Electronics India Ltd.,CONSUMPTION,SUPPLY,1723.5,1737.1 - 1755.0 RD SUPPLY,4.0 C,— NO ACTIVE ZONE —,—,1W UP • 20 EMA BULLISH,🟡 1 TEST (TESTED),NORMAL VOL,+0.0 PTS,4.0 / 10 SUPPLY,NEAR SUPPLY,NEAR
TECHNOE,Techno Electric & Engineering Company Ltd.,INFRA,SUPPLY,1008.75,1006.2 - 1016.2 RD SUPPLY,7.0 A,863.77 - 967.52 DR DEMAND,4.0 C,1W DOWN • 20 EMA BEARISH,🟢 0 TESTS (FRESH),NORMAL VOL,+0.0 PTS,8.0 / 10 SUPPLY,SUPPLY TEST,IN
SUNTV,Sun TV Network Ltd.,CONSUMPTION,SUPPLY,605.0,— NO ACTIVE ZONE —,—,599.4 - 653.93 RD SUPPLY,7.5 A,1W UP • 20 EMA BULLISH,🟢 0 TESTS (FRESH),🔥 2.5x VOL EXPLOSION,+0.0 PTS,7.5 / 10 SUPPLY,SUPPLY TEST,IN
PVRINOX,PVR INOX Ltd.,CONSUMPTION,SUPPLY,1242.7,1159.9 - 1169.2 DR DEMAND,7.0 A,1207.7 - 1249.7 RD SUPPLY,7.0 A,1W UP • 20 EMA BULLISH,🟢 0 TESTS (FRESH),NORMAL VOL,+0.0 PTS,7.0 / 10 SUPPLY,SUPPLY TEST,IN
RITES,RITES Ltd.,INFRA,SUPPLY,209.05,207.23 - 211.2 RD SUPPLY,5.0 C,214.72 - 226.44 RD SUPPLY,5.0 C,1W DOWN • 20 EMA BEARISH,🟡 1 TEST (TESTED),🔥 2.5x VOL EXPLOSION,+0.0 PTS,6.0 / 10 SUPPLY,SUPPLY TEST,IN
KAJARIACER,Kajaria Ceramics Ltd.,CONSUMPTION,SUPPLY,1235.1,1175.7 - 1183.6 DR DEMAND,7.0 A,1181.73 - 1240.58 RD SUPPLY,5.0 C,1W UP • 20 EMA BULLISH,🟡 1 TEST (TESTED),🔥 2.5x VOL EXPLOSION,+0.0 PTS,5.0 / 10 SUPPLY,SUPPLY TEST,IN
CARBORUNIV,Carborundum Universal Ltd.,INFRA,SUPPLY,1252.5,1194.0 - 1200.5 DR DEMAND,7.0 A,1181.58 - 1303.79 RD SUPPLY,4.0 C,1W UP • 20 EMA BULLISH,🟡 1 TEST (TESTED),NORMAL VOL,+0.0 PTS,4.0 / 10 SUPPLY,SUPPLY TEST,IN
PHOENIXLTD,Phoenix Mills Ltd.,REALTY,SUPPLY,1935.0,1978.4 - 1990.6 RD SUPPLY,5.5 B,1851.05 - 1990.36 RD SUPPLY,2.5 C,1W UP • 20 EMA BULLISH,🔴 2 TESTS (WEAK),NORMAL VOL,+0.0 PTS,2.5 / 10 SUPPLY,SUPPLY TEST,IN
